place_id,business_type,location_query,name,address,phone,website,rating,review_count,status,qualify_score,qualify_worth_pursuing,qualify_notes,screenshot_desktop_path,screenshot_mobile_path,approved_for_site,approved_for_outreach,site_filename,site_url,site_generated_at,contact_email,email_message_id,email_thread_id,email_sent_at,followup_sent_at,expire_at,reply_classification,last_reply_message_id,claimed_at,error,created_at,updated_at
ChIJ-_NrlCQn9ocROOYQL0CEvis,spray foam insulation,Duluth MN,Spray Foam Insulation Plus,"7600 4th Ave S, Minneapolis, MN 55423, USA",(612) 730-9417,https://sprayfoaminsulationplus.com/,4.9,56,new,,,,,,,,,,,,,,,,,,,,,2026-07-28T18:01:22.428107+00:00,2026-07-28T18:01:22.428107+00:00
ChIJ-xS9qJVT-QkRL_64WscgihI,spray foam insulation,Duluth MN,Saint Paul Spray Foam Insulation Pros,"288 Marie Ave E #207, West St Paul, MN 55118, USA",(651) 369-8365,https://www.sprayfoamsaintpaul.com/,4.9,47,new,,,,,,,,,,,,,,,,,,,,,2026-07-28T18:01:22.423016+00:00,2026-07-28T18:01:22.423016+00:00
ChIJ-ySfb_N7BYgR3gZz_JOzyFE,spray foam insulation,Milwaukee WI,ALL ABOUT INSULATION,"18443 Durand Ave, Union Grove, WI 53182, USA",(262) 412-7171,https://www.facebook.com/ALL.ABOUT.INSULATION/,4.9,58,new,,,,,,,,,,,,,,,,,,,,,2026-07-28T18:01:04.218024+00:00,2026-07-28T18:01:04.218024+00:00
ChIJ0YyYMQAB9ocR1OU3VGb9_8g,spray foam insulation,Duluth MN,South Shore Foam,"3757 Haug Ave SE, Rockford, MN 55373, USA",(612) 876-1200,https://southshorefoam.com/,5,26,new,,,,,,,,,,,,,,,,,,,,,2026-07-28T18:01:22.447319+00:00,2026-07-28T18:01:22.447319+00:00
ChIJ22e40Dd_CgIRxPbsC6ROtk4,spray foam insulation,Milwaukee WI,Healthy Homes Insulation,"S40W24210 Rockwood Way, Waukesha, WI 53189, USA",(262) 205-6837,https://www.healthyhomesinsulation.com/,4.9,101,new,,,,,,,,,,,,,,,,,,,,,2026-07-28T18:01:04.209488+00:00,2026-07-28T18:01:04.209488+00:00
ChIJ251ltGm7_YcRp5hVCEc3ca0,spray foam insulation,Wausau WI,All Foam Spray Insulation,"1600 WI-56, Richland Center, WI 53581, USA",(608) 604-4610,https://allfoamspray.com/,5,1,new,,,,,,,,,,,,,,,,,,,,,2026-07-28T18:00:39.640380+00:00,2026-07-28T18:00:39.640380+00:00
ChIJ2bQYqKlNUk0RCnG4NJPmbZE,spray foam insulation,Green Bay WI,Elite Spray Foam Technologies,"W601 County Rd N, Niagara, WI 54151, USA",(920) 340-0565,,,,new,,,,,,,,,,,,,,,,,,,,,2026-07-28T18:00:24.900435+00:00,2026-07-28T18:00:24.900435+00:00
ChIJ2bRweJbp-IcRZcfC5Jx7tis,spray foam insulation,Eau Claire WI,A+ Insulation Services,"W28721 US-10, Eleva, WI 54738, USA",(715) 577-0304,https://www.aplusinsulationec.com/,4.1,14,new,,,,,,,,,,,,,,,,,,,,,2026-07-28T18:00:49.428510+00:00,2026-07-28T18:00:49.428510+00:00
ChIJ2whBcKFKrlIRa-IRxSY0nZY,spray foam insulation,Duluth MN,Northern Industrial Insulation,"3757 Midway Rd, Hermantown, MN 55810, USA",(218) 624-0574,http://www.niinsulation.com/,4.3,4,new,,,,,,,,,,,,,,,,,,,,,2026-07-28T18:01:22.415454+00:00,2026-07-28T18:01:22.415454+00:00
ChIJ4VoPlNl3lUARAdqXrIe3v-o,spray foam insulation,Duluth MN,Foam-It Spray Foam LLC,"15576 640th St, Dodge Center, MN 55927, USA",(507) 254-6998,https://foamitsprayfoamllc.com/,5,9,new,,,,,,,,,,,,,,,,,,,,,2026-07-28T18:01:22.430741+00:00,2026-07-28T18:01:22.430741+00:00
ChIJ5cIQjigLkS8RxNl_PxHPMPc,spray foam insulation,Eau Claire WI,Spray Foam Guy - Elite Builders & Remodeling LLC,"17 230th St, Baldwin, WI 54002, USA",(715) 410-0552,http://sprayfoamguywi.com/,5,1,new,,,,,,,,,,,,,,,,,,,,,2026-07-28T18:00:49.427776+00:00,2026-07-28T18:00:49.427776+00:00
ChIJ5eJ-C2tLrlIRzHJok4beKo0,spray foam insulation,Duluth MN,Northstar Insulating Systems,"3721 Lavaque Rd, Hermantown, MN 55810, USA",(218) 525-4637,https://northstar-insulating.com/,4.3,11,new,,,,,,,,,,,,,,,,,,,,,2026-07-28T18:01:22.411068+00:00,2026-07-28T18:01:22.411068+00:00
ChIJ63iGsT_Rr1IR2v4XIhzUs1o,spray foam insulation,Duluth MN,Minnesota Spray Foam and Coatings,"5473 Bear Trap Rd, Saginaw, MN 55779, USA",(218) 341-6826,http://mncoatingsolutions.com/,5,16,new,,,,,,,,,,,,,,,,,,,,,2026-07-28T18:01:22.425535+00:00,2026-07-28T18:01:22.425535+00:00
ChIJ7aFb188CBYgR8OHJjbp2p0s,spray foam insulation,Milwaukee WI,"Thermal Comfort, Inc.","8648 W Kaul Ave, Milwaukee, WI 53225, USA",(414) 358-1255,http://www.thermalcomfort.net/,4.8,46,new,,,,,,,,,,,,,,,,,,,,,2026-07-28T18:01:04.205327+00:00,2026-07-28T18:01:04.205327+00:00
ChIJ85iInjEaBYgRuFbanD9VW84,spray foam insulation,Milwaukee WI,"Intec WI - Insulation Installer in Milwaukee WI, Insulation Contractor","321 N 25th St, Milwaukee, WI 53233, USA",(414) 732-2234,https://intecwi.com/,4.7,115,new,,,,,,,,,,,,,,,,,,,,,2026-07-28T18:01:04.211527+00:00,2026-07-28T18:01:04.211527+00:00
ChIJ8bR4Pi0DBYgRWxCCUWNifcE,spray foam insulation,Milwaukee WI,Spraytech Insulators of Milwaukee,"5652 N 95th St, Milwaukee, WI 53225, USA",(414) 369-6815,https://spraytech-sf.com/,5,26,new,,,,,,,,,,,,,,,,,,,,,2026-07-28T18:01:04.206333+00:00,2026-07-28T18:01:04.206333+00:00
ChIJ8cMH9KYkAIgROtF7wLwoNNE,spray foam insulation,Wausau WI,Home Insulation Company of Wausau Inc.,"105 Industrial Park Ave, Rothschild, WI 54474, USA",(715) 359-6505,https://www.homeinsulationcompany.com/,5,3,new,,,,,,,,,,,,,,,,,,,,,2026-07-28T18:00:39.632065+00:00,2026-07-28T18:00:39.632065+00:00
ChIJAQB02sZQpVIRVUfy81wpQKo,spray foam insulation,Duluth MN,GTS Insulation Services Inc,"2223 Vermilion Dr, Cook, MN 55723, USA",(218) 410-3296,https://www.gtsinsulation.com/,5,10,new,,,,,,,,,,,,,,,,,,,,,2026-07-28T18:01:22.433400+00:00,2026-07-28T18:01:22.433400+00:00
ChIJAQBA0XHIA4gRGRNIG-Lyy0Q,spray foam insulation,Appleton WI,Fox Valley Insulation,"W6264 Contractor Dr B, Appleton, WI 54914, USA",(920) 757-0122,http://insulation-holdings.com/,3.7,3,new,,,,,,,,,,,,,,,,,,,,,2026-07-28T18:00:27.457926+00:00,2026-07-28T18:00:27.457926+00:00
ChIJAQDwLdpGBogRHKpgZtV-GT8,spray foam insulation,Madison WI,Foamtech LLC,"2259 County Hwy A, Stoughton, WI 53589, USA",(608) 873-6188,http://www.foamtechwisconsin.com/,5,5,new,,,,,,,,,,,,,,,,,,,,,2026-07-28T18:00:54.151766+00:00,2026-07-28T18:00:54.151766+00:00
ChIJASsy-mEn9ocRwt23SxrjXio,spray foam insulation,Duluth MN,Minneapolis Spray Foam Insulation Pros,"4533 Oakland Ave, Minneapolis, MN 55407, USA",(612) 540-1893,https://www.sprayfoaminsulationminneapolis.com/,4.9,52,new,,,,,,,,,,,,,,,,,,,,,2026-07-28T18:01:22.424280+00:00,2026-07-28T18:01:22.424280+00:00
ChIJAxm1tg35AogRNo70U7qxiRQ,spray foam insulation,Green Bay WI,Kenny's Urethane Foam Co,"1760 W Paulson Rd, Green Bay, WI 54313, USA",(920) 680-9479,,5,2,new,,,,,,,,,,,,,,,,,,,,,2026-07-28T18:00:24.904023+00:00,2026-07-28T18:00:24.904023+00:00
ChIJCUBki8IRA4gRWmS8SDzkNIc,spray foam insulation,Green Bay WI,DW Sprayfoam,"6615 Pleasant View Rd, Reedsville, WI 54230, USA",(920) 629-3128,https://www.dwsprayfoam.com/,5,1,new,,,,,,,,,,,,,,,,,,,,,2026-07-28T18:00:24.900031+00:00,2026-07-28T18:00:24.900031+00:00
ChIJD9qRM4nbsVIR1pKwKxcOL1k,spray foam insulation,Duluth MN,Spray Foam Services,"2457 Town Rd 279, Mahtowa, MN 55707, USA",(218) 382-0423,https://koecherjames.wixsite.com/sprayfoamservices,4.6,9,new,,,,,,,,,,,,,,,,,,,,,2026-07-28T18:01:22.426823+00:00,2026-07-28T18:01:22.426823+00:00
ChIJDwRC8uuVCIgRfhRntl4Bfsg,spray foam insulation,Rockford IL,Rockford Spray Foam Insulation,"308 Garver Ave, Rockford, IL 61102, USA",(815) 242-3932,https://www.sprayfoaminsulationrockford.com/,5,26,new,,,,,,,,,,,,,,,,,,,,,2026-07-28T18:01:24.474361+00:00,2026-07-28T18:01:24.474361+00:00
ChIJE-WgD_9XBogRrZ7STulJ6Z0,spray foam insulation,Madison WI,Koala Insulation of Madison,"5341 Wood Dr, Sun Prairie, WI 53590, USA",(608) 453-1644,https://koalainsulation.com/madison?utm_source=google&utm_medium=organic&utm_campaign=gbp,5,79,new,,,,,,,,,,,,,,,,,,,,,2026-07-28T18:00:54.147915+00:00,2026-07-28T18:00:54.147915+00:00
ChIJE4qg9lIFBYgRva1M4Dv9qhY,spray foam insulation,Milwaukee WI,"Whole House Insulation, Inc.","8112 W National Ave, Milwaukee, WI 53214, USA",(262) 538-0222,http://www.wholehouseinsulation.com/,4,20,new,,,,,,,,,,,,,,,,,,,,,2026-07-28T18:01:04.215880+00:00,2026-07-28T18:01:04.215880+00:00
ChIJE9w-95YT1yURrg_mVOOGJB4,spray foam insulation,Duluth MN,Done Right Insulation,"16953 96th St SE, Becker, MN 55308, USA",(320) 291-8369,https://donerightmn.com/,5,54,new,,,,,,,,,,,,,,,,,,,,,2026-07-28T18:01:22.429457+00:00,2026-07-28T18:01:22.429457+00:00
ChIJEUuDgT_LsVIRo54I0t1p9d8,spray foam insulation,Duluth MN,R-Tech Insulation,"1271 MN-73, Cromwell, MN 55726, USA",(218) 393-1931,https://r-techinsulation.com/,5,5,new,,,,,,,,,,,,,,,,,,,,,2026-07-28T18:01:22.443047+00:00,2026-07-28T18:01:22.443047+00:00
ChIJEUyntXEqq1IRkgAVDuLYCIE,spray foam insulation,Eau Claire WI,Black River Spray Foam LLC,"W11070 County Road A T, Withee, WI 54498, USA",(715) 223-5461,https://blackriversprayfoam.com/,4.4,7,new,,,,,,,,,,,,,,,,,,,,,2026-07-28T18:00:49.429262+00:00,2026-07-28T18:00:49.429262+00:00
ChIJEeYXFgC1r1IRgs9JbzMgXDE,spray foam insulation,Duluth MN,Tamarack Materials,"5393 Miller Trunk Hwy, Duluth, MN 55811, USA",(218) 729-8075,https://tamarackmaterials.com/content/duluth?trk=org_gmb,4.9,14,new,,,,,,,,,,,,,,,,,,,,,2026-07-28T18:01:22.448754+00:00,2026-07-28T18:01:22.448754+00:00
ChIJF5R0r0wk9ocRph5EW52ztZ8,spray foam insulation,Duluth MN,Affordable Insulation,"951 American Blvd E, Bloomington, MN 55420, USA",(651) 571-4848,https://www.affordableinsulationmn.com/,4.9,132,new,,,,,,,,,,,,,,,,,,,,,2026-07-28T18:01:22.436110+00:00,2026-07-28T18:01:22.436110+00:00
ChIJFRwuTX-D_4cRzMFLCTIR-EI,spray foam insulation,Wausau WI,Quality Foam & Fiber LLC,"W5588 County Rd N, Owen, WI 54460, USA",(715) 773-2422,http://www.qualityinsulation.us/,4.4,8,new,,,,,,,,,,,,,,,,,,,,,2026-07-28T18:00:39.637663+00:00,2026-07-28T18:00:39.637663+00:00
ChIJFSKph-KwA4gR6_VsY33e5Rg,spray foam insulation,Appleton WI,Bartelt Insulation Supply Inc.,"3117 N Marshall Rd, Appleton, WI 54911, USA",(920) 733-6086,http://www.barteltinsulation.com/,5,5,new,,,,,,,,,,,,,,,,,,,,,2026-07-28T18:00:27.458487+00:00,2026-07-28T18:00:27.458487+00:00
ChIJG2onS2_lAogRw19ttZeTY1w,spray foam insulation,Green Bay WI,Performance Insulation Inc,"1526 N Irwin Ave N, Green Bay, WI 54302, USA",(920) 431-9195,,5,3,new,,,,,,,,,,,,,,,,,,,,,2026-07-28T18:00:24.899194+00:00,2026-07-28T18:00:24.899194+00:00
ChIJGcdgqVf5AogRHJozVckl-GE,spray foam insulation,Green Bay WI,"Quality Insulators, Inc.","3142 S Ridge Rd, Green Bay, WI 54304, USA",(920) 336-3595,https://www.qualityinsulators.com/,3.9,7,new,,,,,,,,,,,,,,,,,,,,,2026-07-28T18:00:24.900856+00:00,2026-07-28T18:00:24.900856+00:00
ChIJHXjru-G5A4gRUVgKDzeldAI,spray foam insulation,Appleton WI,Proseal Insulation of Neenah,"423 4th St, Neenah, WI 54956, USA",(920) 947-0400,https://neenah.prosealsprayfoam.com/,5,3,new,,,,,,,,,,,,,,,,,,,,,2026-07-28T18:00:27.459025+00:00,2026-07-28T18:00:27.459025+00:00
ChIJI8i4QjxRBogRzMWNaPz6FA4,spray foam insulation,Madison WI,Spraytech Insulators of Madison,"138 Dempsey Rd, Madison, WI 53714, USA",(608) 924-5373,https://spraytech-sf.com/madison-wi-spray-foam-insulation/,4.9,24,new,,,,,,,,,,,,,,,,,,,,,2026-07-28T18:00:54.146300+00:00,2026-07-28T18:00:54.146300+00:00
ChIJIST6f-KrB4gRPJdY3pD5ol0,spray foam insulation,Madison WI,Accurate-Airtight Exteriors,"3336 Commercial Ave, Madison, WI 53714, USA",(608) 467-2008,http://www.theairbarrier.com/,4.9,73,new,,,,,,,,,,,,,,,,,,,,,2026-07-28T18:00:54.150855+00:00,2026-07-28T18:00:54.150855+00:00
ChIJITocPqv7AogROAaApWXIEGo,spray foam insulation,Green Bay WI,"Pro-Foamers, Inc.","742 Borvan Ave, Green Bay, WI 54304, USA",(920) 499-9999,http://www.profoamersinc.com/,4.1,15,new,,,,,,,,,,,,,,,,,,,,,2026-07-28T18:00:24.895233+00:00,2026-07-28T18:00:24.895233+00:00
ChIJIe3wuFRQBogRRbKlY75Oa7Y,spray foam insulation,Madison WI,Alpine Insulation,"5602 Femrite Dr, Madison, WI 53718, USA",(920) 458-8188,https://www.alpineinsulation.com/?utm_source=listingnetwork&utm_medium=organic&utm_campaign=listings,2.9,8,new,,,,,,,,,,,,,,,,,,,,,2026-07-28T18:00:54.153681+00:00,2026-07-28T18:00:54.153681+00:00
ChIJIxkhFb1NrlIR3pmdVf5Tus8,spray foam insulation,Duluth MN,Evergreen Foam Insulation,"377 Canosia Rd, Esko, MN 55733, USA",(218) 576-4622,http://evergreenfoaminsulation.com/,5,8,new,,,,,,,,,,,,,,,,,,,,,2026-07-28T18:01:22.412971+00:00,2026-07-28T18:01:22.412971+00:00
ChIJJ27MDnuj-IcR2jeswv3VSnA,spray foam insulation,Eau Claire WI,Hometown Insulation,"4711 Anderson Dr, Eau Claire, WI 54703, USA",(715) 833-8562,https://hometowninsulation.com/,3.7,9,new,,,,,,,,,,,,,,,,,,,,,2026-07-28T18:00:49.430802+00:00,2026-07-28T18:00:49.430802+00:00
ChIJJYmkYvH19YcRstUhTeKDT6g,spray foam insulation,Duluth MN,Maxlo Spray Foam Insulation,"32 Juniper St N, Lester Prairie, MN 55354, USA",(320) 405-6659,http://www.maxlosprayfoam.net/,5,22,new,,,,,,,,,,,,,,,,,,,,,2026-07-28T18:01:22.438822+00:00,2026-07-28T18:01:22.438822+00:00
ChIJKTmsuAbXAogRmmrRZCjgMx0,spray foam insulation,Green Bay WI,Lakeshore Insulators,"N2892 Church Rd, Kewaunee, WI 54216, USA",(920) 304-0114,http://lakeshoreinsulators.com/,5,45,new,,,,,,,,,,,,,,,,,,,,,2026-07-28T18:00:24.897505+00:00,2026-07-28T18:00:24.897505+00:00
ChIJKz78-Dv_AogRuSjDf4lJfRM,spray foam insulation,Green Bay WI,City Wide Insulation of GB,"1860 Enterprise Dr, De Pere, WI 54115, USA",(920) 336-2603,https://www.truteam.com/branches/wi/green-bay/656/,3.2,37,new,,,,,,,,,,,,,,,,,,,,,2026-07-28T18:00:24.896591+00:00,2026-07-28T18:00:24.896591+00:00
ChIJLbpQ47m3A4gRCQraTlXY7jw,spray foam insulation,Green Bay WI,Spraytech Insulators of Appleton,"W6597 Manitowoc Rd, Menasha, WI 54952, USA",(920) 654-5628,https://spraytech-sf.com/appleton-wi-spray-foam-insulation/,5,66,new,,,,,,,,,,,,,,,,,,,,,2026-07-28T18:00:24.897212+00:00,2026-07-28T18:00:24.897212+00:00
ChIJLxvDEF8vAIgRYT_3-b86NEE,spray foam insulation,Wausau WI,Alpine Insulation,"100 E Bridge St, Wausau, WI 54403, USA",(920) 458-8188,https://www.alpineinsulation.com/?utm_source=google&utm_medium=organic&utm_campaign=GMB%20Listing,2.3,9,new,,,,,,,,,,,,,,,,,,,,,2026-07-28T18:00:39.632707+00:00,2026-07-28T18:00:39.632707+00:00
ChIJMbGwgeXHrVIRBk4gKDbc3lU,spray foam insulation,Eau Claire WI,Superior Spray Foam,"2346 Co Rd A, Spooner, WI 54801, USA",(715) 791-9400,http://superiorsprayfoamwi.com/?utm_source=GBP&utm_medium=organic&utm_campaign=office,4.8,23,new,,,,,,,,,,,,,,,,,,,,,2026-07-28T18:00:49.430020+00:00,2026-07-28T18:00:49.430020+00:00
ChIJMzRiS-T3BogRPufAwoRTX5U,spray foam insulation,Madison WI,"TNT Insulation, LLC","2890 Terra Ct Unit 13, Sun Prairie, WI 53590, USA",(608) 445-8970,http://www.tntwi.com/,4.8,17,new,,,,,,,,,,,,,,,,,,,,,2026-07-28T18:00:54.149921+00:00,2026-07-28T18:00:54.149921+00:00
ChIJNzPIlHSVtFIR0ySHN1W-d0I,spray foam insulation,Duluth MN,Peak Spray Foam LLC,"9098 Ingram Ave NW, Annandale, MN 55302, USA",(612) 482-4742,https://www.peaksprayfoamllc.com/,5,68,new,,,,,,,,,,,,,,,,,,,,,2026-07-28T18:01:22.420495+00:00,2026-07-28T18:01:22.420495+00:00
ChIJPSFr5HwdBYgRRc04d8NKkqo,spray foam insulation,Green Bay WI,WI Spray Foam Insulators Milwaukee,"4908 N 26th St, Milwaukee, WI 53209, USA",(414) 296-3222,https://wisprayfoaminsulation.com/milwaukee-wi-spray-foam-insulation.html,5,26,new,,,,,,,,,,,,,,,,,,,,,2026-07-28T18:00:24.898486+00:00,2026-07-28T18:00:24.898486+00:00
ChIJPbJxlO-nBYgRNbADk1ZDmhQ,spray foam insulation,Wausau WI,Waukesha Spray Foam Insulation,"206 W Laflin Ave #3, Waukesha, WI 53186, USA",(262) 400-3593,https://sprayfoaminsulationwaukesha.com/,5,25,new,,,,,,,,,,,,,,,,,,,,,2026-07-28T18:00:39.635730+00:00,2026-07-28T18:00:39.635730+00:00
ChIJQw4263UVFgwRybpALiMdgok,spray foam insulation,Green Bay WI,"Lauren Spray Foam, LLC","11410 Cameron Rd, Saxon, WI 54559, USA",(715) 329-0557,https://www.laurensprayfoamllc.com/,5,11,new,,,,,,,,,,,,,,,,,,,,,2026-07-28T18:00:24.895738+00:00,2026-07-28T18:00:24.895738+00:00
ChIJRQWQJRc1VU0RlwPGcDG86oM,spray foam insulation,Wausau WI,"Central State Mechanical Insulation, LLC","5500 N 28th Ave, Wausau, WI 54401, USA",(715) 675-0101,,5,4,new,,,,,,,,,,,,,,,,,,,,,2026-07-28T18:00:39.637040+00:00,2026-07-28T18:00:39.637040+00:00
ChIJRQhYcUpzAYgRCMCFKjMilWM,spray foam insulation,Wausau WI,Rock Road Company,"E5917 Haffner Rd Ste. A, Weyauwega, WI 54983, USA",(920) 757-1050,http://www.rockroadcompany.com/,5,28,new,,,,,,,,,,,,,,,,,,,,,2026-07-28T18:00:39.634531+00:00,2026-07-28T18:00:39.634531+00:00
ChIJRwNeS4kDBYgRVAnQytwGi_w,spray foam insulation,Milwaukee WI,Insulation Specialists Inc.,"12609 W Arden Pl, Butler, WI 53007, USA",(262) 781-1971,http://www.myinsulationspecialists.com/,5,19,new,,,,,,,,,,,,,,,,,,,,,2026-07-28T18:01:04.212670+00:00,2026-07-28T18:01:04.212670+00:00
ChIJS4dRAsSVCIgRTWav6j8Ls1A,spray foam insulation,Rockford IL,Metro Insulation,"2119 N Central Ave, Rockford, IL 61101, USA",(815) 986-7736,https://www.metroinsulationrockford.com/,4.7,36,new,,,,,,,,,,,,,,,,,,,,,2026-07-28T18:01:24.478274+00:00,2026-07-28T18:01:24.478274+00:00
ChIJSfk4KFdjfygRQ3fQF_4P_YQ,spray foam insulation,Green Bay WI,Spraytech Insulators,"N 4310 Ebbe Acres Dr, Waupaca, WI 54981, USA",(715) 322-3229,https://spraytech-sf.com/,4.8,35,new,,,,,,,,,,,,,,,,,,,,,2026-07-28T18:00:24.896314+00:00,2026-07-28T18:00:24.896314+00:00
ChIJT3Dafp4Fr1IR2zR_4Z1E9mY,spray foam insulation,Duluth MN,Retrofoam of Duluth,"1512 E Shilhon Rd, Duluth, MN 55804, USA",(218) 525-5685,,,,new,,,,,,,,,,,,,,,,,,,,,2026-07-28T18:01:22.437481+00:00,2026-07-28T18:01:22.437481+00:00
ChIJTbEoNNm8-IcRxMnF1a7xA60,spray foam insulation,Eau Claire WI,Eau Claire Insulation LLC,"1125 Starr Ave, Eau Claire, WI 54703, USA",(715) 832-6927,http://www.ec-insulation.com/,3.9,24,new,,,,,,,,,,,,,,,,,,,,,2026-07-28T18:00:49.425488+00:00,2026-07-28T18:00:49.425488+00:00
ChIJTfREaDj7AogRvy_z8lSzEiw,spray foam insulation,Green Bay WI,Spraytech Insulators of Green Bay,"1246 Reed St, Green Bay, WI 54303, USA",(920) 768-6303,https://spraytech-sf.com/green-bay-wi-spray-foam-insulation/,4.9,39,new,,,,,,,,,,,,,,,,,,,,,2026-07-28T18:00:24.894694+00:00,2026-07-28T18:00:24.894694+00:00
ChIJUbGN2GIRXWIRMgipRG8DtWg,spray foam insulation,Duluth MN,Noah’s Foam Fortress,"2805 Sundberg Rd, Mahtowa, MN 55707, USA",(218) 576-5890,https://noahsfoamfortress.com/,5,1,new,,,,,,,,,,,,,,,,,,,,,2026-07-28T18:01:22.417925+00:00,2026-07-28T18:01:22.417925+00:00
ChIJV31PwsNINAoRkFGjZBss_pE,spray foam insulation,Green Bay WI,Spraytech Insulators of Oshkosh,"234 Church Ave C, Oshkosh, WI 54901, USA",(920) 567-6059,https://spraytech-sf.com/oshkosh-wi-spray-foam-insulation/,4.8,18,new,,,,,,,,,,,,,,,,,,,,,2026-07-28T18:00:24.902108+00:00,2026-07-28T18:00:24.902108+00:00
ChIJW9Mrow29-IcRIDUx-BWhuSQ,spray foam insulation,Eau Claire WI,North Central Insulation,"3204 Pleasant St, Altoona, WI 54720, USA",(715) 275-3692,https://www.northcentralinsulation.com/,4.2,5,new,,,,,,,,,,,,,,,,,,,,,2026-07-28T18:00:49.432370+00:00,2026-07-28T18:00:49.432370+00:00
ChIJW9aMz230yIoREsW9txLiKDw,spray foam insulation,Duluth MN,Anderson coatings and spray foam LLC,"4280 Lavaque Rd, Hermantown, MN 55811, USA",(218) 391-9549,,,,new,,,,,,,,,,,,,,,,,,,,,2026-07-28T18:01:22.416672+00:00,2026-07-28T18:01:22.416672+00:00
ChIJXY5I3jStB4gRq9lTBnR8itg,spray foam insulation,Madison WI,"BadgerTech, LLC","4794 Norton Dr, Sun Prairie, WI 53590, USA",(608) 286-1200,http://www.badgertechinsulation.com/,5,8,new,,,,,,,,,,,,,,,,,,,,,2026-07-28T18:00:54.155594+00:00,2026-07-28T18:00:54.155594+00:00
ChIJXxB1y2SwB4gRCSG9mf5XWC0,spray foam insulation,Madison WI,"Rockweiler Insulation, Inc.","211 Legion St, Verona, WI 53593, USA",(608) 845-7625,https://rockinsul.com/,4.7,73,new,,,,,,,,,,,,,,,,,,,,,2026-07-28T18:00:54.152714+00:00,2026-07-28T18:00:54.152714+00:00
ChIJYypJIxwUqVIRQtTLlbeg_6o,spray foam insulation,Green Bay WI,Spray Foam Insulation LLC,"301 MacArthur Ave, Ashland, WI 54806, USA",(715) 209-7054,https://m.facebook.com/Spray-Foam-Insulation-LLC-1688065864813049/,3.1,9,new,,,,,,,,,,,,,,,,,,,,,2026-07-28T18:00:24.901669+00:00,2026-07-28T18:00:24.901669+00:00
ChIJZ-FGNlnbAogRKESiCeNLmP4,spray foam insulation,Green Bay WI,Dart Foam And Coatings LLC,"6150 Luxemburg Rd, Luxemburg, WI 54217, USA",(920) 680-9585,http://www.dartfoamandcoating.com/,5,7,new,,,,,,,,,,,,,,,,,,,,,2026-07-28T18:00:24.896917+00:00,2026-07-28T18:00:24.896917+00:00
ChIJZySV66umJQwRN4TdZrRXY7E,spray foam insulation,Green Bay WI,Technologies LLC,"1676 87th St, New Richmond, WI 54017, USA",(715) 586-8656,https://sprayfoamtechnologiesllc.com/,4.7,14,new,,,,,,,,,,,,,,,,,,,,,2026-07-28T18:00:24.902548+00:00,2026-07-28T18:00:24.902548+00:00
ChIJ_TUOBjuBBYgRryybcNLsr08,spray foam insulation,Green Bay WI,Diversified Insulation,"Diversified Insulation, 169 Industrial Dr A, Burlington, WI 53105, USA",(262) 321-4677,https://diversifiedinsulation.net/?utm_source=gmb_profile+&utm_medium=organic,4.9,244,new,,,,,,,,,,,,,,,,,,,,,2026-07-28T18:00:24.903016+00:00,2026-07-28T18:00:24.903016+00:00
ChIJ_Vtr9AsbBYgRjhPwShk2XMo,spray foam insulation,Milwaukee WI,Cruz Insulation Services LLC,"2409 W Lapham St, Milwaukee, WI 53204, USA",(414) 514-7977,https://sites.google.com/view/cruzinsulationllc/home?authuser=1,5,3,new,,,,,,,,,,,,,,,,,,,,,2026-07-28T18:01:04.220277+00:00,2026-07-28T18:01:04.220277+00:00
ChIJ__-rBzX4AogRr3Om7oqJUMM,spray foam insulation,Green Bay WI,All Weather Insulation,"3233 Westway Dr, Green Bay, WI 54313, USA",(920) 494-6966,https://www.allweatherinsulationwi.com/,5,3,new,,,,,,,,,,,,,,,,,,,,,2026-07-28T18:00:24.895484+00:00,2026-07-28T18:00:24.895484+00:00
ChIJ__9Pm8C3A4gRLddOtu3G2Ak,spray foam insulation,Appleton WI,Appleton Insulation,"351 S Kools St, Appleton, WI 54914, USA",(920) 567-6276,https://appletonsprayfoaminsulation.com/contact-us.html,,,new,,,,,,,,,,,,,,,,,,,,,2026-07-28T18:00:27.459582+00:00,2026-07-28T18:00:27.459582+00:00
ChIJa6l1ebLR94cRS1E6jSMfJLQ,spray foam insulation,Duluth MN,D&H Cottage Grove,"6939 Pine Arbor Dr S Ste 100B, Cottage Grove, MN 55016, USA",(651) 360-2531,https://cottagegroveinsulation.com/,4.9,38,new,,,,,,,,,,,,,,,,,,,,,2026-07-28T18:01:22.441605+00:00,2026-07-28T18:01:22.441605+00:00
ChIJawq-kkUhAIgRLrdQADgqM6c,spray foam insulation,Wausau WI,"Sure-Dry, LLC","4205 Stewart Ave, Wausau, WI 54401, USA",(715) 200-8211,https://www.suredrybasements.com/?utm_source=google&utm_medium=organic&utm_campaign=gmb-wausau&utm_content=website,4.8,189,new,,,,,,,,,,,,,,,,,,,,,2026-07-28T18:00:39.638309+00:00,2026-07-28T18:00:39.638309+00:00
ChIJbbxxmEwmEyQRuJLrsijLr-0,spray foam insulation,Milwaukee WI,Spray Foam Genie Milwaukee,"12665 W Townsend St, Brookfield, WI 53005, USA",(262) 216-2029,https://www.sprayfoamgenie.com/milwaukee/,4.6,22,new,,,,,,,,,,,,,,,,,,,,,2026-07-28T18:01:04.204259+00:00,2026-07-28T18:01:04.204259+00:00
ChIJc4ZFGrjjBIgRcX2l6DCjA-4,spray foam insulation,Milwaukee WI,USA Insulation of Milwaukee,"7705 N 67th St, Milwaukee, WI 53223, USA",(414) 662-0317,https://usainsulation.net/milwaukee?utm_source=gbp&utm_medium=organic&utm_campaign=gbp-milwaukee,4.4,45,new,,,,,,,,,,,,,,,,,,,,,2026-07-28T18:01:04.210490+00:00,2026-07-28T18:01:04.210490+00:00
ChIJcS-kuhBPVU0RkqrXIml8D6o,spray foam insulation,Wausau WI,Taylor Insulation Company,"W4648 Co Rd G, Merrill, WI 54452, USA",(715) 536-2102,http://www.taylorinsulation.net/,5,2,new,,,,,,,,,,,,,,,,,,,,,2026-07-28T18:00:39.633948+00:00,2026-07-28T18:00:39.633948+00:00
ChIJceoPF3wAB4gRujY3XmtmZA0,spray foam insulation,Madison WI,American Home Consultants,"204 Columbia Ave, DeForest, WI 53532, USA",(608) 850-7070,http://www.madisoninsulation.com/,5,6,new,,,,,,,,,,,,,,,,,,,,,2026-07-28T18:00:54.154612+00:00,2026-07-28T18:00:54.154612+00:00
ChIJceqxiX-VCIgRVAE0XTgut30,spray foam insulation,Rockford IL,Rockford Insulation Pros,"401 W State St, Rockford, IL 61101, USA",(815) 306-4306,https://rockfordinsulationpros.com/,,,new,,,,,,,,,,,,,,,,,,,,,2026-07-28T18:01:24.479876+00:00,2026-07-28T18:01:24.479876+00:00
ChIJdTXucCdRBogRnXsokaFkT2g,spray foam insulation,Madison WI,USA Insulation of Madison,"4709 Triangle St, McFarland, WI 53558, USA",(608) 838-1316,https://usainsulation.net/madison?utm_source=gbp&utm_medium=organic&utm_campaign=gbp-madison,4.8,102,new,,,,,,,,,,,,,,,,,,,,,2026-07-28T18:00:54.148876+00:00,2026-07-28T18:00:54.148876+00:00
ChIJdVUWFd-MAogR0I_P1waLlOs,spray foam insulation,Green Bay WI,Comfort Pro Insulators Inc,"804 W Frontier Rd, Little Suamico, WI 54141, USA",(920) 865-6000,http://comfortproinsulators.com/,4.9,64,new,,,,,,,,,,,,,,,,,,,,,2026-07-28T18:00:24.894385+00:00,2026-07-28T18:00:24.894385+00:00
ChIJdZ7HmzAZBYgRxSULXkJZIbU,spray foam insulation,Green Bay WI,Milwaukee Spray Foam Insulation,"2965 N Booth St, Milwaukee, WI 53212, USA",(414) 348-0023,https://www.milwaukeesprayfoaminsulation.com/,5,17,new,,,,,,,,,,,,,,,,,,,,,2026-07-28T18:00:24.903525+00:00,2026-07-28T18:00:24.903525+00:00
ChIJeeA2Cq-3A4gR51BP4fCvSZ0,spray foam insulation,Appleton WI,Alpine Insulation,"550 N Hickory Farm Ln, Appleton, WI 54914, USA",(920) 458-8188,https://www.alpineinsulation.com/?utm_source=listingnetwork&utm_medium=organic&utm_campaign=listings,3.1,21,new,,,,,,,,,,,,,,,,,,,,,2026-07-28T18:00:27.456754+00:00,2026-07-28T18:00:27.456754+00:00
ChIJf5LLPOMTAogR5q6JhWY7DF0,spray foam insulation,Green Bay WI,"Total Foam Specialists, Inc","N4552 Bridgeview, Shawano, WI 54166, USA",(715) 881-3626,http://totalfoamspecialists.com/,5,26,new,,,,,,,,,,,,,,,,,,,,,2026-07-28T18:00:24.897817+00:00,2026-07-28T18:00:24.897817+00:00
ChIJfWS72Pa1VU0RKWhIZPiMX9g,spray foam insulation,Green Bay WI,Bauer Spray Foam Insulation Inc.,"7490 WI-70, St Germain, WI 54558, USA",(715) 891-9739,http://bauersprayfoaminsulation.com/,4.9,33,new,,,,,,,,,,,,,,,,,,,,,2026-07-28T18:00:24.898831+00:00,2026-07-28T18:00:24.898831+00:00
ChIJh3zvDMxEC0cRnwgCcNXiafQ,spray foam insulation,Duluth MN,Technical Construction Solutions LLC,"5558 Pine Beach Rd suite 38, Brainerd, MN 56401, USA",(218) 820-9340,https://tcsolutionsusa.com/insulation-contractor-brainerd-mn/,4.8,41,new,,,,,,,,,,,,,,,,,,,,,2026-07-28T18:01:22.434756+00:00,2026-07-28T18:01:22.434756+00:00
ChIJhT2xcNx9_ocR9m7ZVppDmx0,spray foam insulation,Wausau WI,"Spray Foam Solutions, LLC","17831 Hemlock Rd, Tomah, WI 54660, USA",(608) 343-4498,https://sprayfoamsolutionswi.com/,5,22,new,,,,,,,,,,,,,,,,,,,,,2026-07-28T18:00:39.635130+00:00,2026-07-28T18:00:39.635130+00:00
ChIJhWeREcUPrVIRdrxpuA8Un-E,spray foam insulation,Eau Claire WI,Midwest Insulation Solutions LLC,"619 20th Ave, Cumberland, WI 54829, USA",(715) 641-1831,,4.9,8,new,,,,,,,,,,,,,,,,,,,,,2026-07-28T18:00:49.433194+00:00,2026-07-28T18:00:49.433194+00:00
ChIJhZjdp4YJBYgRZZs2fH5MsGU,spray foam insulation,Milwaukee WI,"MasterFoam Spray Applied Technologies, LLC","2465 S 170th St, New Berlin, WI 53151, USA",(262) 542-0816,https://masterfoamwi.com/,5,5,new,,,,,,,,,,,,,,,,,,,,,2026-07-28T18:01:04.208443+00:00,2026-07-28T18:01:04.208443+00:00
ChIJi33_418trlIR93naZwXpWMM,spray foam insulation,Duluth MN,Neumann Insulation Co Inc,"7292 Morris Thomas Rd W, Cloquet, MN 55720, USA",(218) 879-0224,,1,1,new,,,,,,,,,,,,,,,,,,,,,2026-07-28T18:01:22.450216+00:00,2026-07-28T18:01:22.450216+00:00
ChIJiVNP_9azr1IR8emZp1kNtvc,spray foam insulation,Duluth MN,(EFS ) Eco Foam Solutions Inc,"4915 Rice Lake Rd Ste 4, Duluth, MN 55803, USA",(218) 393-0356,https://ecofoamsolutions.com/,5,6,new,,,,,,,,,,,,,,,,,,,,,2026-07-28T18:01:22.414276+00:00,2026-07-28T18:01:22.414276+00:00
ChIJkwkHT9AdBYgROL6l8SUdOfg,spray foam insulation,Milwaukee WI,"S & E Insulation, Inc.","6580 N 40th St, Milwaukee, WI 53209, USA",(414) 332-3990,http://www.allriteremodeling.com/,4.6,14,new,,,,,,,,,,,,,,,,,,,,,2026-07-28T18:01:04.207418+00:00,2026-07-28T18:01:04.207418+00:00
ChIJlS29AIkDrVIRQ5tusFP8HvM,spray foam insulation,Wausau WI,Spray Master Insulation LLC,"2071 11 1/2 St, Cumberland, WI 54829, USA",(715) 419-3309,http://www.sm-insulation.net/,5,29,new,,,,,,,,,,,,,,,,,,,,,2026-07-28T18:00:39.636363+00:00,2026-07-28T18:00:39.636363+00:00
ChIJlYgGtgOsr1IRneUTHrpuqDw,spray foam insulation,Duluth MN,DBS,"5116 Jean Duluth Rd, Duluth, MN 55803, USA",(218) 525-0720,https://www.dbsrepair.com/,4.4,414,new,,,,,,,,,,,,,,,,,,,,,2026-07-28T18:01:22.444450+00:00,2026-07-28T18:01:22.444450+00:00
ChIJm0cfgYcBBYgRFY2nIz0es_0,spray foam insulation,Milwaukee WI,Wisconsin Insulation Services Inc,"N60W14416 Kaul Ave, Menomonee Falls, WI 53051, USA",(262) 314-6475,https://www.whiinsulation.com/?utm_medium=gmb_profile&utm_source=gmb,4.8,16,new,,,,,,,,,,,,,,,,,,,,,2026-07-28T18:01:04.216933+00:00,2026-07-28T18:01:04.216933+00:00
ChIJn6w7jsKOl48ROWTaPcIa-RI,spray foam insulation,Green Bay WI,Proseal Spray Foam of Waupaca,"N2586 Orchad Way, Waupaca, WI 54981, USA",(715) 227-6295,https://waupaca.prosealsprayfoam.com/,5,35,new,,,,,,,,,,,,,,,,,,,,,2026-07-28T18:00:24.898142+00:00,2026-07-28T18:00:24.898142+00:00
ChIJo7a5UIoIBYgRC4GwbSxQ2HA,spray foam insulation,Milwaukee WI,RHH Foam Systems Inc.,"5500 S Westridge Dr, New Berlin, WI 53151, USA",(800) 657-0702,http://www.rhhfoamsystems.com/,4.8,5,new,,,,,,,,,,,,,,,,,,,,,2026-07-28T18:01:04.219189+00:00,2026-07-28T18:01:04.219189+00:00
ChIJoQLs6aoEBYgR5liVHZDOHIM,spray foam insulation,Milwaukee WI,Weatherization Services LLC,"10941 W Layton Ave, Greenfield, WI 53228, USA",(414) 873-4945,https://weatherizationservices-wi.com/?utm_source=gmb&utm_medium=organic,4.8,377,new,,,,,,,,,,,,,,,,,,,,,2026-07-28T18:01:04.214786+00:00,2026-07-28T18:01:04.214786+00:00
ChIJoR8BK6HRr1IRIbkA6YfmjDY,spray foam insulation,Duluth MN,Minnesota Spray foam and coatings,"5473 Bear Trap Rd, Saginaw, MN 55779, USA",(218) 341-6826,http://mncoatingsolutions.com/,,,new,,,,,,,,,,,,,,,,,,,,,2026-07-28T18:01:22.419170+00:00,2026-07-28T18:01:22.419170+00:00
ChIJpQOjHQ8fAIgRHyT5m1xXL-E,spray foam insulation,Wausau WI,"Kingspan Light + Air (formerly Major Industries, Inc.)","7120 Stewart Ave, Wausau, WI 54401, USA",(888) 759-2678,https://www.kingspan.com/us/en/business-groups/kingspan-light-air/major-industries-inc/,5,3,new,,,,,,,,,,,,,,,,,,,,,2026-07-28T18:00:39.639692+00:00,2026-07-28T18:00:39.639692+00:00
ChIJpe7gVPgeAIgRiS1S35OPsHo,spray foam insulation,Wausau WI,Allied Insulation Supply Co,"8551 Industrial Dr, Wausau, WI 54401, USA",(715) 845-9697,https://alliedinsulation.com/,4.3,10,new,,,,,,,,,,,,,,,,,,,,,2026-07-28T18:00:39.633356+00:00,2026-07-28T18:00:39.633356+00:00
ChIJpwJY0cYbBYgRuFTahcrO3Y0,spray foam insulation,Milwaukee WI,Seal Tight Spray Foam Insulation,"7118 W Center St Unit 103, Milwaukee, WI 53210, USA",(414) 710-0017,https://sealtightsprayfoam414.com/,4.9,20,new,,,,,,,,,,,,,,,,,,,,,2026-07-28T18:01:04.202558+00:00,2026-07-28T18:01:04.202558+00:00
ChIJpyGpQbMtVU0RyxT-ufHgymc,spray foam insulation,Wausau WI,Energy Edge,"242470 County Rd J, Wausau, WI 54403, USA",(715) 551-5945,https://energyedge.info/,4.9,62,new,,,,,,,,,,,,,,,,,,,,,2026-07-28T18:00:39.630770+00:00,2026-07-28T18:00:39.630770+00:00
ChIJqX1jpM37AogRv-ubJh6rSFE,spray foam insulation,Green Bay WI,ProFoamit LLC,"1219 S Maple Ave, Green Bay, WI 54304, USA",(920) 413-0021,https://www.profoamit.com/,5,2,new,,,,,,,,,,,,,,,,,,,,,2026-07-28T18:00:24.896050+00:00,2026-07-28T18:00:24.896050+00:00
ChIJqyI_8PpRrlIRESLRpAiQIOw,spray foam insulation,Duluth MN,Amacher Drywall & Spray Foam,"1425 Tower Ave, Superior, WI 54880, USA",(218) 391-7694,,,,new,,,,,,,,,,,,,,,,,,,,,2026-07-28T18:01:22.451674+00:00,2026-07-28T18:01:22.451674+00:00
ChIJrfzCyvflBIgRTPf6XA1U28Y,spray foam insulation,Green Bay WI,Erickson Spray Foam,"869 County Hwy NN Ste 2110, Cedarburg, WI 53012, USA",(262) 421-6244,https://ericksonsprayfoam.com/,5,43,new,,,,,,,,,,,,,,,,,,,,,2026-07-28T18:00:24.899581+00:00,2026-07-28T18:00:24.899581+00:00
ChIJrzKzANDV_ocRw8BXiAFzRa4,spray foam insulation,Eau Claire WI,Vosse Coulee Insulation,"N35660 County Rd W, Blair, WI 54616, USA",(608) 525-0961,http://www.vossecouleeinsulation.com/,5,8,new,,,,,,,,,,,,,,,,,,,,,2026-07-28T18:00:49.431565+00:00,2026-07-28T18:00:49.431565+00:00
ChIJsRRJSoGxBYgRjtmVpFOtNlI,spray foam insulation,Milwaukee WI,IDI: Insulation Distributors Inc.,"1165 Richards Rd, Hartland, WI 53029, USA",(262) 367-3200,https://www.idi-insulation.com/location/milwaukee-wi/?utm_source=google&utm_medium=organic&utm_campaign=gmb,4.5,52,new,,,,,,,,,,,,,,,,,,,,,2026-07-28T18:01:04.213750+00:00,2026-07-28T18:01:04.213750+00:00
ChIJs_FFZSXrA4gRy7DH5s8jLL8,spray foam insulation,Green Bay WI,USA Insulation Green Bay - Fox Valley,"3531 Jackson St, Oshkosh, WI 54901, USA",(920) 385-4811,https://usainsulation.net/green-bay-fox-valley?utm_source=gbp&utm_medium=organic&utm_campaign=gbp-green-bay-fox-valley,4.9,131,new,,,,,,,,,,,,,,,,,,,,,2026-07-28T18:00:24.894990+00:00,2026-07-28T18:00:24.894990+00:00
ChIJsbbBGdsCT6YRy0efsVKEKUw,spray foam insulation,Green Bay WI,Koala Insulation of The Fox Valley,"2300 S Washburn St, Oshkosh, WI 54904, USA",(920) 200-3435,https://koalainsulation.com/Fox-Valley?utm_source=google&utm_medium=organic&utm_campaign=gbp,5,128,new,,,,,,,,,,,,,,,,,,,,,2026-07-28T18:00:24.901250+00:00,2026-07-28T18:00:24.901250+00:00
ChIJswB7YsrT94cR7PbYhv4qUY8,spray foam insulation,Duluth MN,Gunner Insulation,"14665 Buchanan St NE Ste. 1 & 2, Ham Lake, MN 55304, USA",(763) 355-5460,https://www.homeinsulators.us/,4.9,152,new,,,,,,,,,,,,,,,,,,,,,2026-07-28T18:01:22.445834+00:00,2026-07-28T18:01:22.445834+00:00
ChIJtT3-IthPaIERPgRuVsgJtGg,spray foam insulation,Duluth MN,Pace Residential,"1510 E 4th St, Superior, WI 54880, USA",(218) 600-7473,http://www.pace-residential.com/,4.7,12,new,,,,,,,,,,,,,,,,,,,,,2026-07-28T18:01:22.421738+00:00,2026-07-28T18:01:22.421738+00:00
ChIJtUZAttrZ94cR_WNy95g255I,spray foam insulation,Duluth MN,D&H,"213 Pendryn Hill Alcove, Woodbury, MN 55125, USA",(651) 360-2631,https://woodburyinsulation.com/,4.9,40,new,,,,,,,,,,,,,,,,,,,,,2026-07-28T18:01:22.440235+00:00,2026-07-28T18:01:22.440235+00:00
ChIJvVnc9hKj-IcRRg871FluNK4,spray foam insulation,Eau Claire WI,Alpine Insulation,"3110 Louis Ave, Eau Claire, WI 54703, USA",(920) 458-8188,https://www.alpineinsulation.com/?utm_source=listingnetwork&utm_medium=organic&utm_campaign=listings,4,8,new,,,,,,,,,,,,,,,,,,,,,2026-07-28T18:00:49.426959+00:00,2026-07-28T18:00:49.426959+00:00
ChIJwQVa9jhps1IRDo4VaWkPIPs,spray foam insulation,Duluth MN,Spray Foam Tech,"515 Jackson Ave NW, Elk River, MN 55330, USA",(763) 241-2092,https://www.sprayfoamtechmn.com/,4.8,25,new,,,,,,,,,,,,,,,,,,,,,2026-07-28T18:01:22.432098+00:00,2026-07-28T18:01:22.432098+00:00
ChIJy97oWtK5CIgRstyBg0Vy-yM,spray foam insulation,Rockford IL,Comfort 1st Insulation,"612 Harrison Ave, Rockford, IL 61104, USA",(833) 244-7283,https://www.comfort1stinsulation.com/,4.9,291,new,,,,,,,,,,,,,,,,,,,,,2026-07-28T18:01:24.476598+00:00,2026-07-28T18:01:24.476598+00:00
ChIJz2Np_C4N-YcRlFyP0K_MtAo,spray foam insulation,Eau Claire WI,Waterway Insulation,"810 S Main St, Fountain City, WI 54629, USA",(507) 458-2580,https://www.waterwayinsulation.com/,5,13,new,,,,,,,,,,,,,,,,,,,,,2026-07-28T18:00:49.433987+00:00,2026-07-28T18:00:49.433987+00:00
ChIJz7W92o6hCIgRlhSPS7yiSSs,spray foam insulation,Wausau WI,Janesville Spray Foam Insulation,"719 Jeannie Ln, Beloit, WI 53511, USA",(608) 260-7893,https://www.sprayfoaminsulationjanesville.com/,5,25,new,,,,,,,,,,,,,,,,,,,,,2026-07-28T18:00:39.638990+00:00,2026-07-28T18:00:39.638990+00:00
